<beans xmlns="http://www.springframework.org/schema/beans"
    xmlns:xsi="http://www.w3.org/2001/XMLSchema-instance"
    xmlns:mvc="http://www.springframework.org/schema/mvc"
    xmlns:p="http://www.springframework.org/schema/p"
    xmlns:context="http://www.springframework.org/schema/context"
    xmlns:aop="http://www.springframework.org/schema/aop"
    xmlns:tx="http://www.springframework.org/schema/tx"
    xsi:schemaLocation="http://www.springframework.org/schema/beans
           http://www.springframework.org/schema/beans/spring-beans-3.0.xsd
           http://www.springframework.org/schema/context
           http://www.springframework.org/schema/context/spring-context-3.0.xsd
           http://www.springframework.org/schema/aop
           http://www.springframework.org/schema/aop/spring-aop-3.0.xsd
           http://www.springframework.org/schema/tx
           http://www.springframework.org/schema/tx/spring-tx-3.0.xsd
           http://www.springframework.org/schema/mvc
           http://www.springframework.org/schema/mvc/spring-mvc-3.0.xsd
           http://www.springframework.org/schema/context
           http://www.springframework.org/schema/context/spring-context-3.0.xsd">           
    
    <context:component-scan base-package="com.opzoon" />
	<bean
		class="org.springframework.web.servlet.mvc.annotation.AnnotationMethodHandlerAdapter">
		<property name="messageConverters">
			<list>
				<bean
					class="org.springframework.http.converter.json.MappingJacksonHttpMessageConverter" />
			</list>
		</property>
	</bean>
	
<!-- 	<bean id="ladpContextSource"  
        class="org.springframework.ldap.core.support.LdapContextSource">  
        <property name="url" value="ldap://localhost:389" />  
        <property name="base" value="dc=opzoon,dc=com"></property>  
        <property name="userDn" value="cn=Manager,dc=opzoon,dc=com" />       
        <property name="password" value="admin" />  
    </bean>
    
    <bean id="ldapTemplate"  
        class="org.springframework.ldap.core.LdapTemplate">  
        <property name="contextSource" ref="ladpContextSource" />  
    </bean>   -->
  
<!--     <bean id="personDao" class="com.opzoon.dao.PersonDao">             
    </bean> 
    
    <bean id="ldapController" class="com.opzoon.controller.LdapController">
    	<property name="personDao" ref="personDao" /> 
    </bean>  -->
     
</beans>